{
  "epoch": 20,
  "loss": 0.06475260830959495,
  "recon_loss": 0.06280310104797486,
  "vq_loss": 0.0019495073368544786,
  "learning_rate": 0.00018638933428187984,
  "epoch_time": 180.8892617225647,
  "best_loss": 0.06475260830959495,
  "best_epoch": 20,
  "is_best": true,
  "timestamp": "2026-03-15T05:05:39.504218",
  "config": {
    "add_noise": true,
    "batch_size": 128,
    "commitment_cost": 0.25,
    "dropout_rate": 0.1,
    "input_channels": 3,
    "input_size": [
      256,
      192
    ],
    "l1_weight": 0.8,
    "latent_dim": 64,
    "learning_rate": 0.00018638933428187984,
    "mse_weight": 1.0,
    "num_embedding": 1024,
    "num_epochs": 20,
    "num_hidden": 128,
    "res_hidden": 32,
    "res_layer": 4
  }
}